https://www.thesprucecrafts.com/thmb/Nmdf45yK7NIMcGGPYFVE9bHqpVY=/640x695/filters:fill(auto,1)/SteiffTeddyBears-589d39955f9b58819ccfc46f.jpg
https://pos.franchiseblast.com/tztbf/images/inventory/large_0067912400075.png
https://images-na.ssl-images-amazon.com/images/I/81J4TvhJx1L._SX425_.jpg
https://www.buildabear.com/dw/image/v2/BBNG_PRD/on/demandware.static/-/Sites-buildabear-master/default/dwb8ba281b/26518x.jpg?sw=600&sh=600&sm=fit&q=70
https://images-na.ssl-images-amazon.com/images/I/81b5Wnh3XbL._SX425_.jpg
https://www.buildabear.com/dw/image/v2/BBNG_PRD/on/demandware.static/-/Sites-buildabear-master/default/dwbe86cf5a/26613x.jpg?sw=600&sh=600&sm=fit&q=70
https://cdn1.bigcommerce.com/n-ww20x/ag5o99/products/4122/images/6582/113512__16357.1547839739.1280.1280.jpg?c=2
https://cdn11.bigcommerce.com/s-dee9d/images/stencil/500x659/products/112/11515/Cream_cute_and_huggable_huge_60in_Giant_Teddy_size__54735.1494004369__70760.1538643121.jpg?c=2
https://cdn.shopify.com/s/files/1/1920/7987/products/Bear_in_Robe_1000x1000.jpg?v=1509394168
https://images.crateandbarrel.com/is/image/Crate/Plush_MD_Bear_BR/$web_zoom$/190411135342/jellycat-medium-brown-bear-stuffed-animal.jpg
https://res.cloudinary.com/bloomnation/c_pad,d_vendor:global:catalog:product:image.png,f_auto,fl_preserve_transparency,q_auto/v1554432924/vendor/3917/catalog/product/2/0/20190404075011_file_5ca65ff3db80b.jpg
https://cdn11.bigcommerce.com/s-ebb63/images/stencil/original/products/3054/33085/usa-55-inch-beige-teddy-bear-bigplush-dot-com_2__13355.1494036421.JPG?c=2&imbypass=on
https://www1.thelexuscollection.com/content/images/thumbs/0000321_beige-teddy-bear.png
https://media.tiffany.com/is/image/Tiffany/EcomItemL2/tiffany-x-steiffreturn-to-tiffany-love-teddy-bear-60559813_1003994_ED.jpg?&op_usm=2.0,1.0,6.0&$cropN=0.1,0.1,0.8,0.8&defaultImage=NoImageAvailableInternal&
https://www.utmedicalcenter.org/wp-content/uploads/2018/08/pink-teddy-bear-gift-shop.jpeg
https://douglascuddletoy.com/wp-content/uploads/2016/06/12701.jpg
https://images-na.ssl-images-amazon.com/images/I/61Csui4tlqL._SY355_.jpg
https://scripture-lullabies.com/wp-content/uploads/2018/11/T-bear-edit-2-powered-on-600x550.png
https://cdn11.bigcommerce.com/s-dee9d/images/stencil/500x659/products/503/9595/6ft_Life_Size_perfect_Red_Teddy_Bear_Plush_Gift_Bitsy_Cuddles__94952.1495222029.jpg?c=2
https://cdn11.bigcommerce.com/s-pbo1brftow/images/stencil/1280x1280/products/1345/1091/teddybear__47500.1547144329.jpg?c=2&imbypass=on
https://nanzandkraft.imgix.net/images/itemVariation/newmenu2017bear-17020310245796.png
https://www.buildabear.com/dw/image/v2/BBNG_PRD/on/demandware.static/-/Sites-buildabear-master/default/dw5f81200a/25567x.jpg?sw=600&sh=600&sm=fit&q=70
https://annalee.com/wp-content/uploads/2016/09/880416.jpg
https://cdn10.bigcommerce.com/s-3r3dc6/products/1245/images/2010/POTO_Teddy_Bear__33366.1547773238.500.659.jpg?c=2
http://cdn.shopify.com/s/files/1/2284/6393/products/fao-schwarz-plush-2018-edition-12-inch-plush-anniversary-bear-with-puffer-vest-3856695656535_1200x630.jpg?v=1552020969
https://images.mulberry.com/i/mulberrygroup/RF5447_626L160.webp?w=500&h=500&img404=404&v=11
https://i.ebayimg.com/images/g/xQ4AAOSwo4pYfzKh/s-l640.jpg
https://cdn.shopify.com/s/files/1/0726/0199/products/Bear_83fe58ea-0cd1-4c60-95fa-87d982889743_2048x.jpg?v=1511581261
https://www.bbhalpacas.com/wp-content/uploads/2018/07/Alpaca_teddy_bears-final.jpg
https://cdn.shopify.com/s/files/1/0417/0233/products/Foundation_Bear.jpg?v=1562105213
https://nbdant00-a.akamaihd.net//product_images/737328/md/8847.largeteddybearcr_med_0_1563821448.jpg
https://www.vermontteddybear.com/media/wysiwyg/vtb-featuredcategories/2019/vtb-featuredcat-KA0150043H.jpg
https://cdn3.volusion.com/9nxdj.fchy5/v/vspfiles/photos/BB-1483-2.jpg?v-cache=1558706856
https://cdn11.bigcommerce.com/s-xr05ynhyn0/images/stencil/original/products/4112/11733/jftoy00295_1___56989.1534153813.jpg?c=2&imbypass=on
https://static.lamborghinistore.com/media/catalog/product/cache/1/image/9df78eab33525d08d6e5fb8d27136e95/9/0/9012850anw000000xx.jpg
https://www.unitedregional.org/wp-content/uploads/2017/06/P1730048.jpg
https://www.dhresource.com/600x600/f2/albu/g10/M01/E8/9B/rBVaWVy-zbaAYhNgAAanT3l0mdE886.jpg
https://s7d1.scene7.com/is/image/PETCO/1586211-center-1
https://www.sitnsleep.com/blog/wp-content/uploads/2019/04/teddy-bear.jpg
https://muskegonartmuseum.org/wp-content/uploads/2015/10/TeddyBearsPineColorMed-e1478700816949.jpg
https://factorydirectcraft.com/pimages/20171213102006-966124/miniature_brown_flocked_teddy_bears.jpg
https://images-na.ssl-images-amazon.com/images/I/61eRNR%2BrSRL._SY355_.jpg
https://partycity6.scene7.com/is/image/PartyCity/_pdp_sq_?$_1000x1000_$&$product=PartyCity/709507
https://cdn.shopify.com/s/files/1/1293/5507/products/teddy-bear-airman-sleeptight-air-force-teddy-bear-1_1400x.jpg?v=1559783732
https://res.cloudinary.com/bloomnation/c_pad,d_vendor:global:catalog:product:image.png,f_auto,fl_preserve_transparency,q_auto/v1518321076/vendor/6294/catalog/product/2/0/20180210070733_file_5a7f42f5aa676.jpg
https://douglascuddletoy.com/wp-content/uploads/2017/08/7822-3.jpg
https://fyf.tac-cdn.net/images/products/large/WGD361.jpg?auto=webp&quality=60
https://www.ultimatesheepskin.com/wp-content/uploads/2013/05/small-tan-sheepskin-teddy-bear.jpg
https://cdn.shopify.com/s/files/1/0168/0462/products/Meddy-Teddy-Lotus-Prayer-Pose_1024x1024.png?v=1543129183
https://cdn0.rubylane.com/_pod/item/321389/07164/Smithsonian-Institution-Teddy-Bear-full-1A-700%3A10.10-372-r-f7f7f8-727e8a.png
https://cdns.crestline.com/master/117937/web/117937_30A.jpg?thumbnail=600
https://media.tiffany.com/is/image/Tiffany/EcomItemL2/tiffany-x-steiffreturn-to-tiffany-love-teddy-bear-63357758_998634_AV_1.jpg?&op_usm=2.0,1.0,6.0&defaultImage=NoImageAvailableInternal&
https://cdn10.bigcommerce.com/s-bnr1hxbw02/products/584/images/1109/4053983__67258.1510811677.1280.1280.jpg?c=2
https://cdn.shopify.com/s/files/1/1293/5507/products/teddy-bear-sailor-sleeptight-navy-teddy-bear-1_grande.jpg?v=1559783854
https://www.funeral-urn.com/pub/media/catalog/product/cache/image/700x700/e9c3970ab036de70892d86c6d221abfe/t/e/teddy_bear_trio_1.png
https://gloimg.rglcdn.com/rosegal/pdm-product-pic/Electronic/2019/01/17/source-img/20190117151843_64296.jpg
https://ae01.alicdn.com/kf/HTB1QX4WbwDD8KJjy0Fdq6AjvXXae/Movie-TED-2-10cm-Boxed-Ted-Teddy-Bear-BJD-Figure-Model-Toys.jpg_640x640q70.jpg
https://partycity6.scene7.com/is/image/PartyCity/_pdp_sq_?$_1000x1000_$&$product=PartyCity/615197
https://img.letgo.com/images/7b/51/33/dc/7b5133dc486eabd11823b024ac7dac5b.jpeg?impolicy=img_600
https://sf.tac-cdn.net/images/products/large/FYFBA-16.jpg?auto=webp&quality=80
https://reetmax.com/wp-content/uploads/2019/04/4-feet-cute-blue-fur-heart-teddy-bear-120-stuffed-toy-original-imafbu3nruqfhsev.jpeg
https://www.visitglendale.com/wp-content/uploads/2018/06/teddy-bear-day4.png
https://cdn.atwilltech.com/flowerdatabase/t/teddy-bear-teddy-bear-5c3e5563dc17f.425.jpg
https://cdn2.bigcommerce.com/server5800/l6mmep/products/2485/images/3583/giantbear__72478.1440027600.500.500.jpg?c=2
https://eshop.ahmedabad.com/media/catalog/product/cache/2/image/1100x/040ec09b1e35df139433887a97daa66f/T/B/TBH35_1.jpg
http://cdn.shopify.com/s/files/1/1022/1543/products/pandaloon_brown_teddy_bear_costume_Lemonpom_1024x1024.jpg?v=1532952051
https://hips.hearstapps.com/hmg-prod.s3.amazonaws.com/images/teddy-bear-1543338454.jpg
https://www.moschino.com/media/catalog/product/cache/0/900x1148/f5f5f5/ALT192MUE009LIA00-20093-1.jpg
https://www.vermontteddybear.com/media/wysiwyg/vtb-featuredcategories/2019/vtb-featuredcat-KBKF20108.jpg
https://www.newmuseumstore.org/media/catalog/product/cache/1/image/9df78eab33525d08d6e5fb8d27136e95/1/0/10025762-new_museum_teddy_bear-full.jpg
https://cdn1.bigcommerce.com/n-ww20x/ag5o99/products/4102/images/6510/113819__76703.1547241454.1280.1280.jpg?c=2
https://www.bearessentials.ie/wp-content/uploads/2018/10/Alices-Bear-Shop-Teddy-Bear-Cobby.jpg
https://cdn-ssl.s7.disneystore.com/is/image/DisneyShopping/7512057372207
https://www.thepurplestore.com/images/products/big/19663_b.jpg
https://mollygallivans.com/wp-content/uploads/2018/11/Irish-Jumper-Teddy-Bear-Shamrock-1.jpg
https://www.ikea.com/us/en/images/products/fabler-bjoern-soft-toy__0710165_PE727396_S5.JPG?f=s
https://cdn3.volusion.com/9nxdj.fchy5/v/vspfiles/photos/BB-1481-2.jpg?v-cache=1495202778
https://cdn.shoplightspeed.com/shops/602799/files/11911576/aurora-endearing-teddy-bear-medium.jpg
https://cdn.shopify.com/s/files/1/0660/1419/products/bear-brown-large-01.jpg?v=1470539797
https://di2ponv0v5otw.cloudfront.net/posts/2018/08/31/5b89d41f9fe486932dab0adc/m_5b89d6bfdcfb5a1a9870947d.jpg
https://cdn-images.farfetch-contents.com/13/52/02/15/13520215_15948268_600.jpg
http://cdn.shoplightspeed.com/shops/602676/files/1672602/700x700x2/cashmere-teddy-bear-blue.jpg
https://cdn4.vectorstock.com/i/1000x1000/95/03/torn-beggar-teddy-bear-vector-739503.jpg
https://res.cloudinary.com/bloomnation/c_pad,d_vendor:global:catalog:product:image.png,f_auto,fl_preserve_transparency,q_auto/v1562650446/vendor/6847/catalog/product/2/0/20190117124923_file_5c3fd11335dd4.jpg
https://www.psychefashion.com/images/moschino-moschino-kids-unisex-teddy-bear-jacket-p40067-2883203_image.jpg
https://morkeschocolates.com/pub/media/catalog/product/cache/e4d64343b1bc593f1c5348fe05efa4a6/t/e/teddy-bear-pink-bow-tie.jpg
https://factorydirectcraft.com/pimages/20171213102034-437781/miniature_white_flocked_teddy_bears.jpg
https://shop.r10s.jp/auc-brandeal/cabinet/190212/d343813294.jpg
https://cdn11.bigcommerce.com/s-rziwv/images/stencil/600x600/products/31538/19797/AIM85__50364.1574262571.jpg?c=2&imbypass=on
https://cdn.shoplightspeed.com/shops/620546/files/15887195/800x1024x2/teddy-bear-pet-costume.jpg
https://yspimages-yoursurprisecom.netdna-ssl.com/galleryimage/b7/b7880477dc9819a498642f9d51ffe989/giant-teddy-bear-1-meter-35.jpg
https://images.costco-static.com/ImageDelivery/imageService?profileId=12026540&itemId=999424-847&recipeName=680
https://b3h2.scene7.com/is/image/BedBathandBeyond/221072764796147p?$690$&wid=690&hei=690
https://d1y945napnxn43.cloudfront.net/media/catalog/product/cache/2/image/9df78eab33525d08d6e5fb8d27136e95/y/a/yat-b-edited-sb.jpg
https://cdn.shopify.com/s/files/1/1396/6013/products/resizedimage_720x_5f81c2f1-48fa-442d-916a-a1725a1fc14c.jpeg?v=1548266269
https://img.chewy.com/is/image/catalog/130580_MAIN._AC_SL1500_V1539722292_.jpg
https://target.scene7.com/is/image/Target/GUEST_7d430f29-7de5-46b9-adea-75fc7c0fe316?wid=488&hei=488&fmt=pjpeg
https://previews.123rf.com/images/silmairel/silmairel1709/silmairel170900014/85344984-cartoon-lovely-teddy-bear-toy-saint-valentine-s-day-isolated-.jpg
http://www.away-mission.com/media/catalog/product/cache/1/image/9df78eab33525d08d6e5fb8d27136e95/4/0/4057062-high-res.jpg
https://rafaelflorist.com/wp-content/uploads/2017/10/458b5425-send-teddy-bears-in-san-rafael-ca.jpg
https://shop.autismspeaks.org/resize/Shared/images/Product/AUT/AS1602.jpg?bw=575&w=575
https://storage.googleapis.com/wmt-ecommerce/shop.arkansasrazorbacks.com/2019/10/31/1000_1000/5fc1327405fd64b44e353eed1c2f25d06fc11895.png
https://www.wellandgood.com/wp-content/uploads/2019/01/Stocksy-Teddy-Bear-Marta-Locklear.jpg
https://i.ebayimg.com/images/g/ft4AAOSwghddVbkm/s-l300.jpg
https://sc01.alicdn.com/kf/HTB1v_W8KFXXXXc3XFXXq6xXFXXXk/blue-color-teddy-bear-teddy-bear-small.jpg
https://www.avasflowers.net/img/prod_img/avasflowers-exquisite-roses-and-teddy.jpg
https://ortopadusa.com/wp-content/uploads/2019/02/image-384.jpeg
https://cdn5.vectorstock.com/i/1000x1000/40/49/cute-teddy-bear-with-heart-vector-23324049.jpg
https://res.cloudinary.com/teepublic/image/private/s--GaWCnhIn--/t_Resized%20Artwork/c_fit,g_north_west,h_1054,w_1054/co_ffffff,e_outline:53/co_ffffff,e_outline:inner_fill:53/co_bbbbbb,e_outline:3:1000/c_mpad,g_center,h_1260,w_1260/b_rgb:eeeeee/c_limit,f_jpg,h_630,q_90,w_630/v1509759658/production/designs/2022986_1.jpg
https://www.topracingshop.com/zul_pl_2017-Ford-Performance-Mascot-Teddy-Bear-38-cm-12689_2.jpg
https://res.cloudinary.com/bloomnation/c_pad,d_vendor:global:catalog:product:image.png,f_auto,fl_preserve_transparency,q_auto/v1549348377/vendor/5515/catalog/product/2/0/20180203052223_file_5a75efcf47948.jpg
https://comps.canstockphoto.com/cute-teddy-bear-holding-a-yellow-sign-stock-image_csp50125165.jpg
https://target.scene7.com/is/image/Target/GUEST_547b710e-3863-4ae6-b7ed-304d6c2c2e67?wid=488&hei=488&fmt=pjpeg
https://www.citylightscollectibles.com/media/catalog/product/disney-showcase-6001663-baymax-with-teddy-bear_1.jpg
https://stockx.imgix.net/products/streetwear/Palace-Ralph-Lauren-Teddy-Bear-Brown.jpg?fit=fill&bg=FFFFFF&w=700&h=500&auto=format,compress&q=90&dpr=2&trim=color&updated_at=1541625243
https://cdn11.bigcommerce.com/s-xr05ynhyn0/images/stencil/original/products/4170/10946/jftoy00070_main_1__24873.1534153501.jpg?c=2&imbypass=on
https://cdn.shopify.com/s/files/1/0660/1419/products/bear-pink-large-01.jpg?v=1470430625
https://www.teddyway.com/327-thickbox_default/dark-brown-giant-teddy-bear-260-cm-102-inch-popo.jpg
http://cdn.powered-by-nitrosell.com/product_images/3/633/large-Tb0092.jpg
https://rockandpebble.com/wp-content/uploads/2016/05/rock-and-pebble-the-teddy-bear-book.jpg
https://cdn11.bigcommerce.com/s-dee9d/images/stencil/1280x1280/products/1293/12873/Biggest_Pink_Teddy_Bear_-_Valentines_Day_8_Foot_Teddy_Bear_by_Giant_Teddy__25698.1548887425.jpg?c=2&imbypass=on
https://upload.wikimedia.org/wikipedia/commons/d/d8/Teddy_bear_early_1900s_-_Smithsonian_Museum_of_Natural_History.jpg
https://i.etsystatic.com/18861625/r/il/a2e04b/1825107255/il_570xN.1825107255_733n.jpg
https://www.vermontcountrystore.com/ccstore/v1/images/?source=/file/v3228792983224943334/products/81497.02.png&height=500&width=500&quality=0.88
https://i0.wp.com/royalimports.com/wp-content/uploads/2019/01/PLUSH101.jpg?fit=1080%2C1080&ssl=1
http://www.playbillstore.com/images/Newsies%20the%20Musical%20-%20Newsboy%20Plush%20Bear.png
https://res.cloudinary.com/bloomnation/c_pad,d_vendor:global:catalog:product:image.png,f_auto,fl_preserve_transparency,q_auto/v1554328846/vendor/5515/catalog/product/2/0/20180203080919_file_5a7616ef8f9b0.jpg
https://imgaz2.staticbg.com/thumb/large/oaupload/banggood/images/A1/BE/39b87081-89bc-430d-8ea2-6c71868997ca.jpg
https://img.wondercostumes.com/products/19-3/teddy-bear-costume.jpg
https://www.halo.com/data/default/images/catalog/300/9363-VPLS003.jpg
https://cdn3.volusion.com/9nxdj.fchy5/v/vspfiles/photos/BB-1486-2.jpg?v-cache=1520605016
https://images.homedepot-static.com/productImages/8e6d0677-f65f-41bd-b1c3-412a8412b078/svn/blue-three-hands-sculptures-48724-64_1000.jpg
https://www.littleguidedetroit.com/wp-content/uploads/2019/02/A5-Legally-Blonde-article-mention-Copy-4-1.jpg
https://cdn.atwilltech.com/flowerdatabase/t/teddy-bear-add-ons-gift-basket.365.jpg
https://www.tooddly.com/wp-content/uploads/2018/01/316_big-teddy-bear-01.jpg
https://i5.walmartimages.com/asr/526439f0-902f-4123-b32b-544da71742ca_1.5574d39168ae02c2fe170f348193e4db.jpeg?odnHeight=450&odnWidth=450&odnBg=FFFFFF
https://static.youngliving.com/productimages/large/30015.jpg
https://cdn.childsplayclothing.co.uk/media/catalog/product/cache/2/image/1200x/9df78eab33525d08d6e5fb8d27136e95/b/u/burberry_44504_1.jpg
https://images.prod.meredith.com/product/1e234ac2569916fe3a792e99c8689847/1539418885068/l/fuggler-funny-ugly-monster-9-teddy-bear-nightmare-plush-creature-with-teeth-fuzzy-brown
https://static.wixstatic.com/media/93db78_80a4720bcf6d485bbce9fca63ecaea63~mv2_d_5146_3676_s_4_2.jpg/v1/fill/w_996,h_746,al_c,q_85,usm_0.66_1.00_0.01/93db78_80a4720bcf6d485bbce9fca63ecaea63~mv2_d_5146_3676_s_4_2.jpg
https://img-new.cgtrader.com/items/2042485/a64105236e/fluffy-teddy-bear-blender-3d-model-obj-mtl-fbx-stl-blend.jpg
https://images-na.ssl-images-amazon.com/images/I/81GGR4ZPZ0L._SX425_.jpg
https://cdn.childrensalon.com/media/catalog/product/cache/0/image/1000x1000/9df78eab33525d08d6e5fb8d27136e95/p/a/pasito-a-pasito-large-ivory-teddy-bear-50cm-287610-19ce15ea76cb1a2975a79d916f7c0050a65a68fc.jpg
https://cdn1.bigcommerce.com/n-ww20x/ag5o99/products/4107/images/6530/069512__91033.1547245426.1280.1280.jpg?c=2
https://www.dhresource.com/600x600/f2/albu/g6/M01/A0/CD/rBVaSFpEjhCAHxXNAAII0DXkoDI883.jpg
https://www.gannett-cdn.com/presto/2019/09/06/USAT/a9d68315-acc1-4a35-a006-5d87a68588e3-NTBD_Build-A-Bear_Sitting_Bear.jpg?width=660&height=660&fit=crop&format=pjpg&auto=webp
https://www.royalcollectionshop.co.uk/media/catalog/product/0/1/012840_a.jpg
https://images.fatherly.com/wp-content/uploads/2018/02/teddybear_header.jpg?q=65&enable=upscale&w=600
https://target.scene7.com/is/image/Target/GUEST_95c2f848-bf1d-4c34-8724-a04e39ee128b?wid=488&hei=488&fmt=pjpeg
https://www.ikea.com/gb/en/images/products/brunbjoern-soft-toy-bear__0531366_PE647283_S5.JPG?f=s
https://img.pixers.pics/pho_wat(s3:700/FO/54/91/84/82/700_FO54918482_ce536b6ae0dd47ed4abd739132f2374c.jpg,554,700,cms:2018/10/5bd1b6b8d04b8_220x50-watermark.png,over,334,650,jpg)/wall-murals-teddy-bear-sitting.jpg.jpg
https://www.judomarket.com/1530-thickbox_default/little-teddy-bear-in-judo-gi.jpg
https://cdn.cnn.com/cnnnext/dam/assets/190613183825-medi-teddy-split-large-169.jpg
https://images-na.ssl-images-amazon.com/images/I/51tWCEUKebL._SX425_.jpg
https://www.teddyway.com/164-large_default/purple-giant-teddy-bear-160-cm-63-inch-bobo.jpg
http://cdn.shopify.com/s/files/1/1293/5507/products/teddy-bear-sgt-sleeptight-marine-teddy-bear-camouflage-2_800x.jpg?v=1559784203
https://cardthartic.com/wp-content/uploads/2018/02/93791_Outside.jpg
https://previews.123rf.com/images/parzaq/parzaq0902/parzaq090200026/4397770-cute-teddy-bear-at-isolated-white-background.jpg
https://cdn.shopify.com/s/files/1/2284/6393/products/steiff-north-america-inc-plush-vintage-memories-tess-teddy-bear-in-gift-box-4482283339863_620x.jpg?v=1554640964
https://sawazo.com/wp-content/uploads/2018/03/LED-Flash-Teddy-Bear-Stuffed-Animals-Colorful-Plush-Baby-Toy-Christmas-Gift4.jpg
https://s7d5.scene7.com/is/image/PaperSource/B288-2013393208310-1?resMode=sharp2&op_usm=2,1,25,1&fmt=jpg&qlt=85&fit=constrain,1&wid=600&hei=600
https://media.entertainmentearth.com/assets/images/ed4f96aa06db4bc180d458337ba8e8c0lg.jpg
https://www.picclickimg.com/d/l400/pict/202757273467_/Glow-Teddy-Bear-with-Bow-tie-Stuffed-Animal-Light.jpg
https://images1.novica.net/pictures/33/p282776_2_400.jpg
https://cdn-images.italist.com/image/upload/t_zoom_v3_q_auto/707be7e3bee8bab8a44e203e89b0f70d.jpg
https://cookiebouquets.com/wp-content/uploads/cm//b/e/bear_24.jpg
http://images.backstreetmerch.com/images/products/bands/misc/om/bsi_om187.jpg
https://img.letgo.com/images/5e/2e/3f/c5/5e2e3fc527b8634428a55191945a3965.jpeg?impolicy=img_600
https://cdn1.tedsby.com/tb/large/storage/1/9/5/195471/cute-handmade-teddy-bear-artist.jpg
https://5.imimg.com/data5/HK/RM/MY-4390697/teddy-bear-500x500.jpg
https://i.ytimg.com/vi/YQz1tyjYxCM/maxresdefault.jpg
https://www.printerpix.com/images/admin/pagegroupimages/big02/3fa8e343-7c91-484c-85d6-1e085e6c8406.jpg
https://cdn.igp.com/f_auto,q_auto,t_prodm/products/p-white-red-teddy-bear-for-your-loved-one-7320-m.jpg
https://johnsonwoolenmills.com/wp-content/uploads/2014/10/sherpa-bear.jpg
https://nottabelle.com/data/img/big/c86ad14ae177b7f088a46569e4c16076.png
https://res.cloudinary.com/bloomnation/c_pad,d_vendor:global:catalog:product:image.png,f_auto,fl_preserve_transparency,q_auto/v1547558412/vendor/6743/catalog/product/2/0/20190115050828_file_5c3d6acca93f9.jpg
https://images.unsplash.com/photo-1559454403-b8fb88521f11?ixlib=rb-1.2.1&ixid=eyJhcHBfaWQiOjEyMDd9&w=1000&q=80
https://images.prod.meredith.com/product/d010f69b1eadcc2e55082c776bb16b94/1541581109434/l/3-3-ft-big-teddy-bear-cute-soft-large-stuffed-animal-plush-toy-birthday-gifts-for-kids-beige
https://factorydirectcraft.com/pimages/20171213101601-818257/miniature_baby_blue_flocked_teddy_bears.jpg
https://friendlystock.com/wp-content/uploads/2018/04/3-happy-girl-holding-teddy-bear-cartoon-clipart.jpg
https://image.businessinsider.com/5d545b4f21214c10da24daab?width=1100&format=jpeg&auto=webp
https://www.bakerella.com/images/2019/05/01_IMG_2084.jpg
https://cdn1.tedsby.com/tb/large/storage/1/5/7/157176/stuffed-teddy-bear-big-frend-barry.jpg
https://imgaz2.staticbg.com/thumb/view/oaupload/banggood/images/C9/10/f4764a47-6803-4902-babe-8f97d7624862.jpg
http://oldsteiff.com/148-large_default/wonderful-large-handsome-old-1920-s-petz-antique-teddy-bear.jpg
https://ak1.picdn.net/shutterstock/videos/23827111/thumb/1.jpg
http://www.pngmart.com/files/10/Teddy-Bear-PNG-Clipart.gif
https://www.twinkletoes.in/wp-content/uploads/2018/06/teddy-bear-love-couple.jpg
https://video-images.vice.com/articles/5a06020963daec01f33b5a55/lede/1510344129524-bears.jpeg?crop=0.9481481481481481xw%3A1xh%3Bcenter%2Ccenter&resize=2000%3A*
https://www.lindtusa.com/wcsstore/LindtCatalogAssetStore/images/products/detail/lindt-plush-teddy-bear-SKU-42605l-500x500.jpg
https://n7jmr7muhj-flywheel.netdna-ssl.com/wp-content/uploads/2019/09/NATIONAL-TEDDY-BEAR-DAY-%E2%80%93-September-9-1024x512.png
https://teddybears.co.uk/wp-content/uploads/2019/02/1910-2736x3648.jpg
https://media1.tenor.com/images/1c3ba2be66b501d97d27cd3dc520d24f/tenor.gif?itemid=14859916
https://cdn.pixabay.com/photo/2017/09/21/09/25/teddy-bear-2771252_960_720.jpg
https://www.toyhalloffame.org/sites/www.toyhalloffame.org/files/toys/square/teddy-bear_0.png
https://www.thebluedoordirect.com/3387-thickbox_default/small-children-s-teddy-bear-3-colour-choices.jpg
https://cdn.atwilltech.com/flowerdatabase/c/cuddly-love-roses-and-teddy-bear-5c37fecf033cc.425.jpg
https://www.houseofkids.com/media/catalog/product/cache/1/image/960x/9df78eab33525d08d6e5fb8d27136e95/5/d/5db6d130112fe0602981_HOK4.jpg
https://emojipedia-us.s3.dualstack.us-west-1.amazonaws.com/socialmedia/apple/225/teddy-bear_1f9f8.png
https://upload.wikimedia.org/wikipedia/commons/thumb/f/fc/10teddybears.jpg/1200px-10teddybears.jpg
https://www.nps.gov/thrb/learn/historyculture/images/Teddy_Bear.jpg?maxwidth=650&autorotate=false
https://shop.r10s.jp/jjcollection/cabinet/ts/4302/2000236257700005_1.jpg
https://cdn.shopify.com/s/files/1/0660/1419/products/bear-cream-large-01.jpg?v=1470540575
https://cdn1.vectorstock.com/i/1000x1000/54/70/flat-teddy-bear-baby-toy-vector-19625470.jpg
https://d27ucmmhxk51xv.cloudfront.net/media/english/illustration/teddy_bear.jpg?version=1.1.95
https://www.chocolate.lindt.com/shop/media/catalog/product/cache/3/thumbnail/405x400/9df78eab33525d08d6e5fb8d27136e95/t/e/teddy.png
https://www.dhresource.com/600x600/f2/albu/g10/M01/E8/9B/rBVaWVy-zbaAYhNgAAanT3l0mdE886.jpg
https://ae01.alicdn.com/kf/HTB1y7GoJQKWBuNjy1zjq6AOypXaj/Scary-Killer-Teddy-Bear-Mask-Adult-Evil-Psycho-Halloween-Costume-Fancy-Dress-Plastic-Mask.jpg
https://video-images.vice.com/articles/58b44ffee71105606e4e557c/lede/1488214870498-Screen-Shot-2017-02-27-at-120026-PM.png?crop=0.8022xw%3A1xh%3B0xw%2C0xh&resize=2000%3A*
https://cdn11.bigcommerce.com/s-dee9d/images/stencil/500x659/products/354/2911/Sweetie-Tubs-mocha-brown-teddy-bear-65in__74127.1323818457.jpg?c=2
https://timedotcom.files.wordpress.com/2016/12/teddy-bear.jpg
https://vignette.wikia.nocookie.net/fallout/images/0/01/FO76_Pristine_teddy_bear.png/revision/latest?cb=20190215043004
https://i0.wp.com/www.wfla.com/wp-content/uploads/sites/71/2019/11/Teddy-Bears.jpg?resize=2560%2C1440&ssl=1
https://cdn11.bigcommerce.com/s-xr05ynhyn0/images/stencil/1280x1280/products/3642/12535/jftoy00291_4___19523.1534154325.jpg?c=2&imbypass=on
https://www.vermontteddybear.com/media/wysiwyg/vtb-featuredcategories/2019/vtb-featuredcat-KBKF15009.jpg
https://fscomps.fotosearch.com/compc/CSP/CSP172/cartoon-romantic-couple-of-teddy-bear-clipart__k44529152.jpg
https://upload.wikimedia.org/wikipedia/commons/1/14/Teddy_Bear_90_flash.jpg
https://www.buildabear.com/dw/image/v2/BBNG_PRD/on/demandware.static/-/Sites-buildabear-master/default/dwdac83d3c/24663x.jpg?sw=345&sh=345&sm=fit&q=65
https://cdn.shopify.com/s/files/1/0748/9103/products/jellycat_14_bartholomew_huge_BARH2BR.jpeg?v=1426675206
https://media.gettyimages.com/photos/small-teddy-bear-isolated-on-white-picture-id182834193?s=612x612
https://www.babyshop.com/images/405296/x_large.jpg
https://douglascuddletoy.com/wp-content/uploads/2017/08/7841-3-400x400.jpg
https://i.kinja-img.com/gawker-media/image/upload/c_fill,f_auto,fl_progressive,g_center,h_675,pg_1,q_80,w_1200/tb8zis4by8jxx0f3pgzt.jpg
https://www.royalcollectionshop.co.uk/media/catalog/product/0/1/012846_3.jpg
https://cdn.connox.com/m/100030/234417/media/Kartell/Toy-Leuchte/Kartell-Toy-Tischleuchte-1zu1.jpg
https://res.cloudinary.com/bloomnation/c_pad,d_vendor:global:catalog:product:image.png,f_auto,fl_preserve_transparency,q_auto/v1454124784/vendor/3649/catalog/product/2/0/20160129073056_file_56abbdf0e6b7a.jpg
https://cdn.shopify.com/s/files/1/0028/8889/2505/products/Untitled-24_800x.png?v=1534653857
https://images.unsplash.com/photo-1543886151-3bc2b944c718?ixlib=rb-1.2.1&ixid=eyJhcHBfaWQiOjEyMDd9&w=1000&q=80
https://www.teddyway.com/374-large_default/light-beige-giant-teddy-bear-300-cm-118-inch-popo.jpg
https://i3.cpcache.com/merchandise/26_300x300_Front_Color-White.jpg?Size=NA&AttributeValue=NA&c=True&region={%22name%22:%22FrontCenter%22,%22width%22:3,%22height%22:1.729398,%22alignment%22:%22MiddleCenter%22,%22orientation%22:0,%22dpi%22:100,%22crop_x%22:0,%22crop_y%22:0,%22crop_h%22:200,%22crop_w%22:300,%22scale%22:0,%22template%22:{%22id%22:101706490,%22params%22:{}}}
https://lookaside.fbsbx.com/lookaside/crawler/media/?media_id=279487882074323
http://cdn.shopify.com/s/files/1/1293/5507/products/teddy-bear-donate-sgt-sleeptight-1_800x.jpeg?v=1559780055
https://media.glamour.com/photos/5925ba48e83d325412a59186/16:9/w_1280,c_limit/Bear.jpg
https://cdn.instructables.com/FBX/W2K9/JK4UF7RI/FBXW2K9JK4UF7RI.LARGE.jpg?auto=webp&fit=bounds
https://i5.walmartimages.com/asr/ac732213-37be-41c8-9e9f-2be3f0c2a982_1.6ea170e90d15e29a9c6ac0142b6d296c.jpeg?odnHeight=450&odnWidth=450&odnBg=FFFFFF
https://res.cloudinary.com/gjs/image/upload/t_lightbox,f_auto,q_auto/product/2743-teddy-bear171.jpg
https://cdn3.volusion.com/9nxdj.fchy5/v/vspfiles/photos/AR-50278-2.jpg?v-cache=1540983654
https://graphicriver.img.customer.envatousercontent.com/files/273921008/preview.jpg?auto=compress%2Cformat&q=80&fit=crop&crop=top&max-h=8000&max-w=590&s=cd4076a34bb2cfb04daa1df46bff0ecc
https://townsquare.media/site/385/files/2018/11/RS11449_80403961.jpg?w=980&q=75
https://i.pinimg.com/originals/0c/ce/c3/0ccec3c346d786df627779c6b8303aec.jpg
https://cdn.shopify.com/s/files/1/1292/2121/t/5/assets/teddy.png?320
http://www.someonesentyouagreeting.com/wp-content/uploads/2018/11/teddy-bear-quotes-and-images.png
https://i.ytimg.com/vi/w4vPNuZjN7c/maxresdefault.jpg
https://cdn.shopify.com/s/files/1/0168/0462/products/head2_700x.png?v=1574999943
https://stockx.imgix.net/Adidas-JS-Bear-Jeremy-Scott-Teddy-Bear.png?fit=fill&bg=FFFFFF&w=700&h=500&auto=format,compress&q=90&dpr=2&trim=color&updated_at=1538080256
http://ids.si.edu/ids/deliveryService?id=NMAH-93-7206&max=1000
https://img.floweraura.com/sites/default/files/styles/mobile_product_image_450_450/public/Valentine-Teddy-15-A.jpg
https://www.thespruce.com/thmb/f4g_kqEG5aawFdcZf_Y_B9FSCWg=/1000x872/filters:no_upscale():max_bytes(150000):strip_icc()/BearingtonTheodore-5c4730d846e0fb0001984725.jpg
https://www.onlinespyshop.co.uk/pub/media/catalog/product/cache/image/1000x1320/e9c3970ab036de70892d86c6d221abfe/t/e/teddy-bear-vr.jpg
https://17kpapnvnx9hvzj1xmko56ar-wpengine.netdna-ssl.com/wp-content/uploads/2017/08/Knitted-Bear-Brown-VPLS003-300x300.jpg
https://cdn.ultimatepetnutrition.com/wp-content/uploads/2019/09/AdobeStock_63138786-1080x675.jpeg
https://hips.hearstapps.com/ghk.h-cdn.co/assets/16/40/1600x800/landscape-1475517753-teddy-ruxpin.jpg?resize=480:*
https://www.houseofkids.com/media/catalog/product/cache/1/image/960x/9df78eab33525d08d6e5fb8d27136e95/5/d/5db6c759063e00602981_HOK.jpg
https://previews.123rf.com/images/socris79/socris791609/socris79160900009/62748427-teddy-bear-holding-blank-cloud.jpg
https://hips.hearstapps.com/hmg-prod.s3.amazonaws.com/images/teddy-bear-dog-breeds-cavapoo-1570403851.jpg?crop=0.668xw:1.00xh;0.250xw,0&resize=640:*
https://mdencdn.com/thumbnail/6322.JPG
https://cdn.igp.com/f_auto,q_auto,t_prodm/products/p-red-white-fur-teddy-bear-7528-m.jpg
https://content.fortune.com/wp-content/uploads/2017/05/gettyimages-138705948.jpg
https://images.ezvid.com/image/upload/c_scale,f_auto,h_720,q_auto:eco,w_1280/c_scale,h_720,l_wtl2jhjbumf1uqogig4q,w_1280/102_xog9oc
https://www.insideedition.com/sites/default/files/styles/931x523/public/images/2018-08/080118-chix-bear-1280x720.jpg?h=c673cd1c&itok=VI5gpRHh
https://media.gettyimages.com/photos/teddy-bear-picture-id186837589?s=612x612
https://picjumbo.com/wp-content/uploads/woman-holding-a-big-teddy-bear-and-roses-on-valentines-day_free_stock_photos_picjumbo_HNCK1453.jpg
https://cdn.jewishboston.com/uploads/2019/01/iStock-932242472-729x486.jpg
https://i.ebayimg.com/images/g/32sAAOSwiu5bQwa3/s-l640.png
https://cdn11.bigcommerce.com/s-ebb63/images/stencil/1280x1280/products/2633/25893/z2__09712.1432872255.jpg?c=2?imbypass=on
https://downtowniowacity.com/wp-content/uploads/2019/10/167A9255.jpg
https://www.thesprucecrafts.com/thmb/zErCy-oIWkRlpZJel8JqYzYAuoM=/960x0/filters:no_upscale():max_bytes(150000):strip_icc()/sew-a-teddy-bear-pattern-2978397_V2-63d7d88f43e74c628c85bc103064fb2c.png
https://fscomps.fotosearch.com/compc/CSP/CSP502/child-with-big-blue-teddy-bear-clipart__k39261135.jpg
https://www.wfla.com/wp-content/uploads/sites/71/2018/11/Rough_Riders_kick_off_the_John_Winter_Te_2_63024235_ver1.0.jpg?w=510&h=286&crop=1&resize=1280,720
https://lookaside.fbsbx.com/lookaside/crawler/media/?media_id=2078207292467140
https://moonpicnic.com/wp-content/uploads/2016/05/rock-and-pebble-the-teddy-bear-book-cover.jpg
https://www.tajonline.com/images/product_images/fga491_large4.jpg
https://akm-img-a-in.tosshub.com/indiatoday/images/story/201602/teddy-bear-story_647_020516010617.jpg
https://petco.scene7.com/is/image/PETCO/3019049-center-1?$ProductDetail-large$
https://s3.r29static.com/bin/entry/dd9/x/1820335/image.png
https://whitleysauctioneers.com/wp-content/uploads/2019/07/mk0619b011_1.jpg
https://i.etsystatic.com/5639697/r/il/6798f9/1634447059/il_570xN.1634447059_9g78.jpg
https://www.bakersfieldcondors.com/wp-content/uploads/2019/06/2019_11_30_TeddyBearToss.jpg
https://229702-702336-raikfcquaxqncofqfm.stackpathdns.com/12862-large_default/cute-baby-bear-plush-toy-plush-toys-teddy-bear.jpg
http://teddybearden.org/wp-content/uploads/2019/07/tbd-logo_black02.png
https://d3u9hsvqxtt1b8.cloudfront.net/medias/productImageMedia-B66041559-001-1511333009100-Main?context=bWFzdGVyfHByb2R1Y3QtaW1hZ2VzfDY0MjU5fGltYWdlL2pwZWd8cHJvZHVjdC1pbWFnZXMvaDBkL2g1Yi84ODA5OTkxMzcyODMwLmpwZ3wzMDI4MGQ2NTZhNDg2NzFlMWI4MzJhZTIyOTk3MzQyOTVlMGJiNzE5YTIxMDhkYTUzNTI4YjkwMDUxYWM5Yzk4
https://www.thespruce.com/thmb/Jqh1wb5E3J_TB379U0SpEFNmK5M=/960x0/filters:no_upscale():max_bytes(150000):strip_icc()/GettyImages-184948458-5c52efc046e0fb0001dde69e.jpg
https://cdn1.tedsby.com/tb/large/storage/1/7/1/171563/teddy-bear-marvin-classic-old-style-with-voice.jpg
https://cdn.pixabay.com/photo/2018/09/03/18/59/teddy-bear-3652051_960_720.jpg
https://americanhistory.si.edu/sites/default/files/image_2_39.jpg
http://engsidrun.spire.ee/blogs/media/blogs/a/posts/embroidering_nose/BL_IMGP9119.JPG
https://cdn.staticsfly.com/i/shop/catshots/kids_grid_teddy_bear_v2-v153358763600034563.jpg
https://cdn.instructables.com/FDB/2Z8V/J6QQHS7A/FDB2Z8VJ6QQHS7A.LARGE.jpg?auto=webp&width=1024&height=1024&fit=bounds
https://www.ebearstore.com/media/catalog/product/cache/2d94f244930eee975c6c470dcd23ba6c/s/t/steiff-006869-sugar-plum-fairy.jpg
https://i2.cdn.turner.com/money/dam/assets/160930133531-teddy-ruxpin-2-340xa.jpg
https://i.pinimg.com/originals/57/90/23/57902325bbaf055ef887962cf548896f.jpg
https://www.cleanipedia.com/images/v2/00cc49381408e01ae8936a5c95741a66-1800w-1200h.jpg
https://media.boingboing.net/wp-content/uploads/2017/11/91ivmLUsKmL._SL1500_.jpg
http://media.vam.ac.uk/feature/lightbox/v1/album_images/29094-large.jpg
https://www.gannett-cdn.com/presto/2019/12/02/PIOC/1b7ca617-bdd7-43fe-9da3-91f19a429d7e-191202-Bears-002.JPG?width=2560
https://cdn.shopify.com/s/files/1/2081/2459/products/New-Arrival-20CM-Colorful-Glowing-Luminous-Plush-Baby-Toys-Lighting-Stuffed-Bear-Teddy-Bear-Lovely-Gifts_400x@2x.jpg?v=1524420474
https://cdn.shopify.com/s/files/1/2012/3849/products/jshn7xwgcsoyouvwrd6y_900x.jpg?v=1574283486
https://hips.hearstapps.com/vader-prod.s3.amazonaws.com/1543338537-teddy-bear-costco-1543338511.jpg
https://cdn11.bigcommerce.com/s-pkla4xn3/images/stencil/1280x1280/products/23582/213153/Big-teddy-bear-real-doll-teddy-care-bears-baby-doll-toys-for-children-stuffed-toys-animal__98168.1548396487.jpg?c=2?imbypass=on
https://www.budsies.com/blog/wp-content/uploads/2017/04/bear-2102443_960_720.jpg
